Id_Cliente,nome,email
16f1f30d-5c0c-4fba-8d91-77717fc0b89c,Rodney Wright,don82@example.com
44fbcadf-7a95-4f1a-82a0-95e54f378ed1,Sean Ortiz,bsimmons@example.org
83c8a2d6-6015-4b4d-bb6a-8f36fa8564c4,Lisa James,shannonkatie@example.net
e4e3942b-6f24-40c7-ac39-3e0ed591561d,Samuel Smith,harrisgeorge@example.net
cf944dbf-9efc-4250-a81a-fa5d714f9c32,Joyce Ritter,austin45@example.net
4fc42fec-c8b9-4433-b1f5-5a0333dc4f75,Justin Hoffman,margaret86@example.net
ab98a161-837f-4903-b013-91a7c5081495,Jason Vaughn,georgeroberts@example.com
ac803a02-ae90-489e-8f0d-e7f4374aad0a,Jared Jenkins,mccluretimothy@example.net
0b8cebf7-2f93-47f1-930c-a8baf8408970,Christian Shaw,matthewburns@example.org
530c725c-4802-49fa-ad29-b1577f2b6134,Robert Fuller,joneskelsey@example.net
39e6c8fb-d8ff-43be-a904-e6fb773c8d9d,Shelley Porter,rileyzachary@example.com
04a6e265-5c31-4829-be19-b99119c2fe12,Daniel Savage,valeriehayden@example.org
f2ccc3ff-9b2a-4403-ac21-9a5dc2057746,Mark Duran,theresasullivan@example.com
45890039-f145-4293-a7d9-a63cf3a17ce7,Derek Johnson,jamesmathis@example.org
d9acaba1-e82e-4284-85a6-32c5ac715e8f,Jeremy Maxwell,parkspatricia@example.com
8ec32f21-dc5a-4e9a-bb0c-aa91cc89bea2,Martin Black,james65@example.org
f18f7b19-9ae2-4099-a112-d1c1f8de34ca,Gina Marshall,odavis@example.net
9716bcda-22a3-4b9b-b233-8fdb0dc32b13,Margaret Moore,amy46@example.org
8da2e866-7f7c-4694-bf0f-92beec87706c,Kyle Bridges,dakotaparrish@example.com
901f9117-96cb-475a-9cd6-596110aca2c7,Cynthia Becker,seththomas@example.net
612e43c0-3d02-41a1-af7a-176a4bf2096f,Michelle Patterson,pestrada@example.com
b4997915-326e-428f-b77e-7aea68bec7b6,Trevor Vaughn,sanchezdavid@example.org
888ce538-1fd4-4046-8023-835b3ee1fe3b,Steven Nunez,victoriabell@example.net
906b8726-f32e-4414-b8ea-32ee9e1cde24,Mary Blevins,mdillon@example.net
cb1db07a-8bc5-42ff-a4e6-be4f1f6b19c7,Steven Reid,frichards@example.net
8db03942-8dec-4e9b-b0e0-7790536411aa,Melissa Long,dannyking@example.com
37d75f04-19fe-4957-9d4b-371d47c5c3c2,Ashley Beard,ngarcia@example.com
c6be5158-8d41-4216-8965-7c5f7606e147,Connor Miller,morsecathy@example.org
0b1089de-69c9-4833-bec8-d38fc27ea00d,Richard Nolan,tkrause@example.net
a033ff44-6167-48ef-bdee-9d2066c0049b,Kara Velasquez,carterkrista@example.com
cbcb39d9-ef11-44cc-8808-c0f2632e6d16,Matthew Calhoun,jennifer46@example.net
52ed8b8e-dd34-4df7-b0b8-b93d14b11520,David Duncan,jeremy09@example.net
1ecf38ad-8982-4f7b-b297-142a9fd2b44b,Cole Scott,sarahmiddleton@example.net
7de597b2-2424-45b4-9b66-963e4d0728f1,Kevin Rivera,stephanieclayton@example.org
c1145492-4238-430f-99b8-2e407121e17e,Cameron Vega,gonzalezlori@example.com
35172a7a-0017-43a1-8fc7-ca06e83be023,Brian Cross,jamesnicole@example.net
07612af7-8a7e-4784-9f37-f403e14bebe4,Jesse Mann,lbrewer@example.org
5996e2f9-3ca9-467d-85b3-481714964457,Jonathan Hurst,kellerscott@example.org
3a7275fc-ab1e-4116-abcb-b67ca78a0def,Lori Wood,courtneycampbell@example.net
32eb6190-3e77-43b9-bce8-4403e22339ba,Shane Lutz,thomasfreeman@example.com
b61dfb2e-21db-4bb8-97d7-6ace61cfd298,Jonathan Steele,averystephen@example.net
e51f3c90-0f84-4bc2-86a3-070ed4967429,Dr. Kathleen Hart,mark04@example.com
39e3e2a5-4956-470f-bf75-ebc33f15420b,Ronald Lawrence,romerobrett@example.com
d978cd2a-7b05-4dda-892c-eb4760d034ac,Haley Smith,oerickson@example.net
83af75e4-8bf6-4366-997a-a2cf9b2c5ecd,Johnny Bell,martinshields@example.com
7393b147-520d-4e40-92e0-d74b25520204,Joseph Cummings,sevans@example.net
7fee6f3e-450d-4798-8ddb-0bc2d392f443,Michelle Barnes,shelly15@example.org
f6ef99cc-c39f-4416-b379-d1ea4e9a2df4,James Daniels,tball@example.net
177c777c-b7d7-4c3d-9428-bece61d37be1,Jessica Smith,kevin16@example.com
f1aa4f7a-c1fd-42cf-bc62-58c0a6ba4122,Gregory Harris,npeterson@example.org
a1fe6063-893a-4b8c-bded-d829d3f4dc5f,Christopher Robinson,grahamsandra@example.net
34e1e1fb-d4af-4824-b36e-71ad6d0f5c63,Brenda Anderson,sarah97@example.org
b62cc2a9-9c6e-4bb0-860a-0412737dbb2d,Erik Scott,hwebster@example.com
f0320c92-7c52-40e4-960f-d756e6fb865b,Nancy Garrett,pcampbell@example.net
0b6b2e42-8a96-4a96-add0-74f0bb3a167a,Kelly Gonzales,rkeith@example.net
385493f6-d034-40cd-bba7-578412c15b49,Howard Clark,derek20@example.net
fb3bb384-5487-49ee-838b-a42b0258e494,Susan Bruce,jasonweaver@example.com
b9ae2d98-4113-4f09-9c1b-700da8a4a09a,Melvin Torres,spencerstacey@example.org
84010653-d06b-4c7d-93ef-e9bd8f4035b2,Jeffrey Quinn,brownbrandon@example.org
0562044f-3151-43c8-8724-8dc263fa0957,Jennifer Booker,rojasjacob@example.net
df3961d1-c67e-43bd-9d0c-f75eebde84be,Cody Ford,ngriffin@example.com
c8afe8b0-e114-4f42-a86f-ddaf94667e12,Louis Compton,mcruz@example.net
10444c9a-1124-4280-8e42-d52d33f795af,Alyssa Cummings,davisemily@example.com
48d4e7ef-43c1-4dc4-8ebe-d29df829beb7,Wanda Burke,jacksondeborah@example.org
74129f8a-4316-4da8-9b00-b336518639b4,Mr. Jeremiah Molina,pattersonjames@example.com
43770807-92f4-44a8-be29-8e67cd616d5a,Jennifer Mathews,ydelgado@example.net
f296efd0-ed39-4ff6-b306-e9d6ad534bad,Jamie Carlson,dfarrell@example.org
a7e118a2-aa52-40f9-8931-e3e5d1daa2a5,Ellen Haney,johnathan08@example.org
9b5e55df-7efb-4da6-8517-49378e399eba,Andrew Dougherty,mackenziebarton@example.net
3074a87f-513e-44f2-9160-a3b48f75a011,Adam Park,bthompson@example.org
71019442-182e-4f53-b3bc-de6a0ff58bb1,Deanna Hansen,fmorales@example.com
2e755c49-86a7-44ca-a6b9-a4e9fd468510,Douglas Ross,gzavala@example.net
989b3237-46cd-426c-bc7e-eea10dc73bf4,Manuel Pearson,penazachary@example.org
368542a1-6233-4b11-af45-09588cf24ebb,Angel Lewis,richard71@example.org
b32250ed-62a3-44be-90af-de9ec18b81a4,Jeffrey Lopez,uwhite@example.com
1f64e9b7-1a99-48f6-a5e1-ba6aab16f4e5,Calvin Gonzalez,terrellbobby@example.net
f1210254-8dae-4b31-9dbd-1e97efe6ae3d,Theresa Craig,tmarshall@example.com
23bc866a-df91-4223-a2ac-bd98d82ac037,Nicholas Myers,millerlaura@example.org
eece7171-7a38-4260-8d9b-36e903d12bf2,Larry Ross,paulchambers@example.org
fce440ed-d2b0-443b-b9f4-8a2ad47d58d6,Jessica Martin,clarkekyle@example.net
f3fcead5-07dc-401a-b307-ac887f03823c,Valerie Vargas,yoderjonathan@example.net
026fb2aa-4326-4be3-b68f-aa35daac7042,Leslie Hampton,hornautumn@example.net
0dc91ac9-6fac-4bd3-a52e-685b04ee3a08,Jose Davis,ywalker@example.net
7c4ce53a-1d9b-49a5-8d7f-1f158ee985f0,Tanner Williams,kelly52@example.net
60a1dd0d-0901-4d22-a5bf-ef987c22e31f,Michael Williams,mercadobrenda@example.com
4325f808-8e12-4294-8ecf-2be73d4e4788,Kimberly Gonzalez,jenniferwilliams@example.net
98d326f9-f27f-4e45-bd0c-8accb07de562,Julia Ortiz,courtney41@example.org
e57ce883-0f24-439e-ad7c-5cf1e001edbd,Danielle Johnson,tammyperez@example.org
95096a51-8f50-49fd-85c6-0b6b43068a17,Tina Rodriguez,thooper@example.net
08645017-f679-474d-b527-6c06ec4214e3,Tracy Harding,trich@example.net
3a5c53ac-f75b-445f-a996-d236d55b432d,Tony Hernandez,michaeljohnson@example.net
2ca787ff-4f9b-41cc-83db-0587b597dab2,Brenda Marshall,karen49@example.com
231b1f77-2409-4e2e-b0e8-98d77b6d2aa7,Margaret Duran,victoriajohns@example.net
9172e056-c512-43f3-8e66-8756a6d0bf27,Jeremy Cannon,stevendavis@example.com
fe9ab682-1c26-4d24-8859-80df9cd586f1,Vincent Cox,eyang@example.org
95ba7698-a92d-4703-977b-453b0a5f798d,Anthony Marks,edwardalvarez@example.net
bc1fd93c-0c6e-46e6-b700-c030a8a0ea3e,Beth Martin,joshua24@example.com
3b788586-3043-4866-a115-6790a3ecb2ee,David Jacobson,alexander52@example.com
b1499e4b-5991-4fc6-8f6d-a48986a36929,Randy Ryan,ralphbaird@example.net
c22af26f-f770-480d-91eb-c11679f889d4,William Sparks,bmullen@example.net
157bf6cd-51f5-4baa-b22d-8bf181ff3ca3,Christopher Moore,udaugherty@example.org
a70e8ef1-d37f-4bad-bd94-c41850de35e9,Nicole Macias,millermichael@example.org
b82ad87f-014b-4bd5-8546-3bb3828d711d,Laurie Mcintosh,proctorandre@example.org
529cf10b-579f-49d7-9086-e3f8e522e167,Kenneth Wright,boltonpamela@example.net
1827d126-6076-4435-b235-a9181d56b898,Carmen Garcia,emilybrown@example.com
190b8269-8c94-4e48-9a6f-775a5d987978,Tina Phillips,gabrielascott@example.org
411fee89-09e6-4d0d-bbe9-e6187f1e0b70,Rodney Powell,dawnweaver@example.org
610da8df-410e-4d38-8467-22d6a557eb6b,Daniel Harris,autumn06@example.org
995745fa-f1d4-4ec8-b50f-de7538176439,Mary Campos,manuelbrown@example.org
9ca41a69-b791-4a58-b5e8-7be46f873fe9,Robert Burke,guerrerojeanette@example.net
17aa710c-d6ab-472e-a118-e7ef611a716e,Alison Bentley,stricklandraymond@example.org
b4be43e8-477b-4e10-95c9-6c5ecdbc188f,Michael Roberson,ylewis@example.net
a98f5ef1-f749-40ea-b77c-8c353c7103dd,Nicholas Johnson,fperez@example.net
85c57a3b-006b-4796-9f79-fcd58df8ecee,Joshua Franco,andreasmith@example.net
fa762c9d-606a-474e-9f68-5d2ef8e38fd2,Jason Medina,sarah91@example.org
ce6cf949-ec36-46b0-a537-321582815a67,Michael Roberts,georgecollins@example.org
962dc692-fc8a-468d-8bfe-5c585b4f5648,Stacey Barker,danielle46@example.org
ff242969-2cc6-4f8f-8172-55a235ce4815,Eric Norris,udavis@example.org
b7c15193-10c0-4345-abc2-93d443c02a6d,Mr. Peter Bailey,juan68@example.com
c4cb6003-58c7-45ce-99d2-48a57419915a,Jeffrey Hubbard,jacqueline71@example.com
93da5995-aa93-45d2-914a-296b24bebb52,Brent Edwards,johnramirez@example.com
0b89acfc-24e9-4226-807b-f06950cad31c,Eddie Rivas,hayesrichard@example.net
f559c068-b936-4988-982e-0ed545b517b7,Ryan Wright,joshuaperez@example.org
a3cadf2c-0cef-4cfe-abf1-0f344a4ae434,Matthew Welch,curtisstokes@example.net
0ff5a973-f65e-4037-baac-8476d2ea4958,Mary Medina,kelleycrystal@example.org
94931cb3-4b07-4c7b-90ae-ccc69ecade9d,Mark White,hsmith@example.org
616e51c3-b7d7-406e-979f-5a482ec3ba83,Sara Olson,parkerscott@example.org
b5d815ae-58ad-467b-aad6-26e026e9c0c0,Brandy Sanchez,sarahjohnson@example.com
862d08f6-9d71-4f62-ac0c-12165a52adc5,Randall Hawkins,kellyaguilar@example.org
53b7f971-b7c2-4bfa-8203-f9b51985d848,Yolanda Davis,ddavis@example.com
dc780be3-ad1a-4e9a-ae71-fc17e0f03f79,Jerry Porter,elizabethgray@example.net
1910bbfe-ac41-406d-8e94-c67ed0a380c9,Becky Johnson,emmaparker@example.net
90eeb7fd-4449-4015-9ff7-0ca730260775,Chelsea Barnes,drivera@example.org
7b67f385-a5d2-4643-af33-9f2e36de7c11,Anna Wolf,chad79@example.net
255147a4-9e44-4ce6-94b3-b8726d7f145f,Stephen Baker,barneselizabeth@example.org
906c6cf3-2230-41c9-8237-fc487eed6916,Adam Garza,estevens@example.com
ef449432-7530-44d7-b0dd-b5f4b377b90f,John Tyler,gschwartz@example.net
0e3d1136-63d5-4111-9b0f-6bdf99215206,Sandra Guerra,moralesharold@example.net
aced4127-3c9f-437f-a5d6-80853e36df9d,Kristi Stewart,johnsonjack@example.com
2f7aa158-8259-49d4-8387-d3a8b6aef757,Jeremy Davis,butlerjohn@example.com
b90c4ec7-0cc4-4989-ba58-da623146ab2d,David Lewis,jsmith@example.org
911b52cd-91da-4072-ad99-c71e95d2ab51,Brenda George,richardwilliams@example.com
bf84eb3d-94b7-4c27-9806-9565ccf6198d,Elizabeth Garcia,kelly70@example.com
baaf278a-1153-408b-bbea-4e96f76c3158,Jared Walker,william62@example.org
a236e841-c271-449e-91e6-dc52e027e65a,James Lozano,joseph53@example.com
ce9652d3-f61f-40db-9147-812089c62a8f,Vanessa Fields,iprice@example.org
687bf74a-0a6c-4d2b-909e-8dae00c007d2,Robert Moore,aguilarmark@example.com
fa68833e-9230-4740-8409-1caacb4f9db7,Charles Hudson,drew65@example.com
9c2f7bd7-0a13-4dde-b008-a456fd06f17f,Laura Nguyen,ischneider@example.org
771e72de-c8d1-463b-96bd-65b870af6663,Brian Perry,tracey34@example.com
697d634d-b62e-4bf8-bcef-e48bb7190b73,Cory Porter,williamschristopher@example.net
83f44f77-3d06-4c16-a6e4-6bec7931e74a,Ryan Kemp,wendymontoya@example.org
f5f34e06-809c-4f1d-889b-ebc5456319ef,Alyssa Robbins,velezrobert@example.org
e41226a6-3530-4dfc-8b65-40901148c429,Patrick Case,daniel15@example.org
a587b42b-61b9-4769-8e31-ffe29d8f5feb,Lisa Garcia,robinsonmegan@example.org
8f0c2b02-8f4b-4344-89b2-a4390c495a27,Connie Allison,ibernard@example.com
a790d381-8231-44c1-8ea8-9ec5338798cc,Abigail Wilson,williamsmarcus@example.com
4ac035e2-4737-488c-8232-c3539f955234,Kenneth Mann,christina35@example.org
2ce02557-0a9a-4503-bab3-084f7f5ae725,Brett Lewis,imcguire@example.net
125d08cb-5ca8-4577-8160-865e1c3850ec,Stephen Butler,donna10@example.org
5f817e08-f8c1-416c-b667-d8a9db1c4473,Matthew Mathis,william38@example.net
64a4d641-d14b-4d1d-a57e-71e9fbfa8957,Emily Williams,cruzeddie@example.com
4a1e866b-4e65-42c8-929a-d2eb10cd13a9,James Bailey,vmiller@example.org
05fdbc91-33cd-4df3-928f-32dc8c1fb02b,Daniel Crawford,cynthiawalker@example.com
9bddf580-4d50-4841-9b09-de0a2bca3d1f,Julie Rodriguez,ujohnson@example.com
99fea66a-f7fb-4e8f-944a-e6dc6057923a,Nancy Boone,allisonhancock@example.org
f5dce5c4-3ba1-4a32-a12c-5ac42dba6d2d,Chelsea Newman,josephsanchez@example.net
348a5965-2573-43e1-8fc3-c05c92952e29,Christy Brown,christinejones@example.com
e23d30e1-56fe-4cfd-91ba-17a5d6647313,Christopher Lewis,flambert@example.org
bee13520-7275-4baf-840d-d5f03d20677b,Dwayne Morales,vmolina@example.net
eddbed12-a99e-4a59-a13b-5deedfbbf0bc,Glenn Gardner,jennifer67@example.org
d988d1e6-025a-41f2-a3c4-7d47d4b24839,Linda Reynolds,thomasmartha@example.net
03292308-4872-4f8d-9b2d-cabb584070a3,Shelley Cunningham,tyler09@example.net
775ee5f7-3216-4bf3-9d01-0ad5769c8c5a,Rebecca Moon,brownmichael@example.net
e6d4cf7d-58b9-4d8c-945d-ee21f21ee931,William Deleon,sgriffin@example.com
6ae3c11f-f507-4dd3-8598-74609c654f17,Alyssa Carlson,bmoore@example.com
906952bf-8706-479e-af72-22b58cac7398,Jenna Norman,cunninghamapril@example.net
2896081b-f4a9-4ecf-8361-528422b74fa2,Kristy Davis,michaellopez@example.org
5396de13-ac61-4a01-acc8-489ddd49369d,Kenneth Pitts,nfuentes@example.com
21ee4296-635f-4712-9803-a4b81e7697c5,Stephanie Berg,brandynichols@example.org
d53acfb1-5d64-414a-8eb4-e287304673c4,Katelyn Kelley,michellehobbs@example.net
45994586-8767-4218-b6a1-12d5cd3b4978,Douglas Molina,zharris@example.com
dbab026d-d2d9-4d5a-a5a5-0228189a6b3d,Steven Wilson,lisagallegos@example.org
bdec9547-8811-45b5-852c-a591f70b180b,Dr. Jessica Hicks,christineherring@example.net
f9a2ba12-c0fd-4c24-9857-951133965c44,Kelsey Mccarthy,ambercrawford@example.com
0ba6e640-6118-43a5-a117-95e35fc367ce,Anthony Lopez,michaelwatson@example.com
95023b4b-1d46-4ff4-b812-a21fe7b0696f,Nicholas Ray,cassandra53@example.com
ba20120f-69e5-479f-908a-6c894fdc5f92,Jonathan Torres,morrowlori@example.com
0dec6604-2d52-47d3-a3a4-e3ccdb2477f8,Rebecca Black,denniswright@example.org
2f7b6241-c46e-4cff-be61-4fc1b292e531,Cassandra Calhoun,daniel07@example.org
e4760a2d-8c17-450a-9ffb-323b8dbb1c51,Susan Frazier,nicholasmiller@example.com
38b07806-eda2-43e0-9e93-6be5a2cf1222,Jonathan Bridges,ochoaterri@example.org
5ca55825-486e-4d5e-9d5c-bbc78826d00c,Sheri Yang,kristinwells@example.net
52f9e55c-c4a7-4a85-bb10-cf08851571b7,Leslie Gonzalez,kirbylogan@example.org
e1a21532-f543-4649-b015-0a77abb2b0e2,James Fuller,danielgriffin@example.org
8d91dabc-5e89-4bfc-add6-dab0067f5094,Jill Haynes,erinbell@example.net
4e56359c-7360-430a-8747-5cad2cd09aae,John Porter,wardholly@example.com
bfa25f96-5478-4c50-ab3f-badcb2b7ecfa,Michael Jacobson,codyburnett@example.net
e022c18d-e51e-486b-bf44-4dff9893492a,Jason Mckinney,jstewart@example.net
e865bd28-5704-4b66-a651-555d02a1b9bf,William Roberts,wbutler@example.org
30d4dd6f-d47e-410d-950d-bc92abd016ff,Amy Cantu,aboyd@example.com
d63e3c1c-8d2e-4901-adcf-c206b801c721,Jessica Gilbert,jacksonamanda@example.com
540b0544-e6a6-4387-8b50-947183264f3b,Crystal Miller,matthewstevens@example.com
f8209fe2-25fe-4163-8053-35fbaff305cf,Denise Gordon,juliamiller@example.net
041c8d77-7ffd-4cc7-9403-7086a4285eac,Kimberly Todd,derek79@example.org
bbed0782-6d5e-47ee-bd17-f8a9da0528ca,Courtney Robinson,munozstephanie@example.org
06890fb9-f91e-42de-9843-150db720ace1,Michael Ayala,grantkelly@example.org
6c2f6cb1-7c0a-43e7-8af2-37f4b202f739,Shane Price,xdeleon@example.com
36a4244b-19ad-4c32-907f-a249c758ccf0,Heather Horn,katherine00@example.org
ae1ac8a4-ce3b-43dc-be47-e1f203c2829f,Bruce Thompson,joannaflores@example.com
ea7e95b1-8a02-45d1-bae0-664214480a22,Krystal Mcbride,jameshoffman@example.org
59204d3a-34a1-4d4d-9ddc-535709500933,Heidi Castro,nkoch@example.com
88f41398-38ef-4ac6-82eb-30b43f49f1e7,Matthew Gamble,brandon37@example.net
f001cd2a-dcc4-47f6-9dab-1d7dc6a9ea2e,Kyle Lambert,cortega@example.net
bb35614e-1878-4f50-9bad-f62a98edcf30,Zoe Lewis,jfowler@example.org
7ae81681-961e-4771-afbb-794c98f15f6f,Jennifer Hayes,varcher@example.net
9eca7078-f055-429a-b674-c5769d4c0680,Jerry Lawrence,alexis29@example.com
d5b78da3-25f6-45bc-9cd7-2ab6373697fb,Nicole Rush,connorwelch@example.org
e6bea151-032d-4bc1-be8f-5bc1de5ad4a7,Evan David,goodwinjohn@example.com
1ce240a1-efc1-441e-a77e-4c7fa252cf44,Stephen Obrien,kmorrow@example.org
cf3a576b-7dc0-4276-8b34-683fdc91123c,Melinda Johnson,jay61@example.net
7cfbe730-51fe-4e7d-bb7e-136ae6d77795,Kevin Thomas II,michelle97@example.com
129f402b-c746-46ab-b9b5-846c9fb7d902,Christopher Scott,robinsonlisa@example.net
030eca91-8b59-43f8-8557-06cfbb7cf638,Laura Carter,janesmith@example.org
d5842e1c-858f-4d14-8d2f-938e4fbb3c94,Vincent Reynolds,randallhartman@example.com
e06ec7a9-b75e-4e7d-801a-171444fd2b28,Ronald Green,smithlisa@example.org
049bb3a5-2bd7-4946-b043-5a6d6d9d2959,Nicole Reid,dennisfisher@example.net
2a5eabc8-728b-49b2-98e4-77ac2ba1f1f8,Matthew Horne,yholt@example.com
6adaaaf3-70ed-4c4f-9a72-70d7c5b0aaec,Latoya Anderson,mary75@example.org
d1f756d1-d0f5-4677-88ff-0e95bdbcab3f,Jessica Durham,donnaatkins@example.org
cdd8bb29-3314-403c-82ad-6980b05f96f0,Chase Smith,collinssteven@example.com
e6927393-a5fd-4777-b5a4-af4dcdfb6356,Lisa May,ewingkenneth@example.net
e94aa44c-d166-4fc4-935c-3939676692b0,Joel Briggs,ronaldferguson@example.com
611f2fc1-2f06-4105-8fe6-72af7b416052,Tara Mckee,jenniferrussell@example.com
8591ba7a-aa35-461e-8ae1-9e3f2a69d2ef,Vanessa Mathis,michaelayers@example.org
17e49e8e-3a40-4da5-ac4f-ac9dcf2d9296,Kevin Williams,marieperkins@example.com
4a5921fd-8209-45fc-9167-4142c7561a7e,Rebekah Duncan,denise25@example.org
30ea8207-ba6d-4200-87f8-ed882c91b88e,Richard Burns,josephwhite@example.org
25a392d2-7c36-4047-9192-6e6d1c25a1c5,Jordan Sawyer,gburgess@example.com
301043d2-1bd3-4579-9e80-9a6d00fb38d3,Kayla Cook,flopez@example.org
1313e54e-20f4-4327-9a0e-d00cecfa3bd9,Ricky Dixon,hardycody@example.org
75f5ea4b-5d0a-49c8-85ea-02eae11f3a13,Rachel Lam,fanderson@example.org
98266ba0-08a0-490e-b5e0-3c9e5dec1035,John Erickson,steveellison@example.org
05d1efc6-94c7-4e24-a163-146c928a0121,Donna Hoffman,udennis@example.com
9b1907ac-aa95-4606-93f9-e1c33c448ba4,Mrs. Lisa Barker,margaretowen@example.com
00a8f2b7-8226-4fb4-9ac5-383033073cb5,Nicholas Thornton,linda70@example.net
256d50ce-2dc3-42e1-be04-a7e49267b07b,Alexis Sanchez,robertarnold@example.com
c3700baf-b2f8-40f9-ab51-7f7da12b5b15,Sheila Blevins,andersonrebecca@example.org
b091c4c3-031e-46a6-804f-27816199b166,Timothy Jenkins,yfrank@example.net
e430db62-5ded-48fa-a903-1ff51330dd15,Charles Thomas,ashley28@example.com
adfae024-c586-41bb-b024-58e1c96b1009,Juan Delgado,wadeangela@example.org
fe76a669-0feb-4a30-9c61-daf3874ede76,Mrs. Laurie Buck,hbrown@example.net
cfc77375-6ecc-48fa-8031-41a8d1194145,Juan Hudson,haroldstrickland@example.com
53653fdb-7340-4741-a960-141b78eeeeb8,Gerald Jones,petersenmichelle@example.net
71c45a2a-0526-4a17-b79e-ca8e10fe7b77,Richard Powers,wkelly@example.com
30f0a36c-0a29-4e0e-8149-2e78f2e22366,Barbara Campbell,mayoanna@example.org
7cb62a93-eb4d-4fee-9161-0fa80b80add6,Willie French,erika11@example.com
31e6d42f-40ea-4f98-a314-8450a2b9d0af,Carlos Ingram,yrubio@example.net
4e08f163-60ad-43d5-90db-804c47640c83,Donald Ball,sethharris@example.org
adb5b29e-99e2-4707-a767-cbb0af861227,Richard Faulkner,amandabuchanan@example.net
a862e748-0e0b-45d9-917c-06671bc61bbd,Russell Castillo,jill93@example.net
88ecdb06-441e-4b86-962d-46aea89eceb4,Eric Hamilton,pattersonlogan@example.com
ac44d717-edc7-4d1b-9456-0c4d64b9ae38,Kristen Norris,cbarry@example.com
2d48d4a8-0010-4d62-b8e7-364e66180cef,Tammy Carlson,phillipsmason@example.net
adc3922c-64ca-4334-98f4-731c98297825,Jennifer Green,thompsonedward@example.com
290ae8b2-a9e2-436e-a93d-0b0a85729074,Mary Brown,juancarter@example.org
97aea4b0-3669-4a9a-9ec0-3966fb839e3f,Debbie Johnson,kathryn75@example.net
effadfb2-db22-479a-9cc6-3334325852c4,Rebekah Contreras,bianca95@example.com
d183357c-394c-47de-8f43-b5f88644a622,Luke Jones,leestephen@example.net
8f9b3953-c4e0-40cd-a4b2-da4e12716ca9,Savannah Anderson,rcardenas@example.com
3dd9ea1e-98cd-4b9a-ac03-8c4fdc8e3595,Brandy Burgess,arnoldstacy@example.com
dc8cc641-9b3a-4ae4-abbb-ce09d35d158a,Cynthia Rodgers,diazsteven@example.com
c388467e-eb08-4cb6-a3d3-22d87363e190,David Tanner,stephanie79@example.org
e518ce52-6074-4eb3-922e-9092ffce776c,Angela Hernandez,wuraven@example.com
6d0d052a-ea0b-44af-a66d-9a755fa5711f,Autumn Parker,wrussell@example.org
3b85bd9f-d8ee-488a-a515-e72565ae521a,George Howard,riveradonna@example.org
6d69653b-5967-41ac-a74e-762526b30ef8,Carl Rodriguez,pmunoz@example.net
664714db-0a02-4024-bd56-0ac217098f9b,Tammy Dominguez,joseph07@example.net
304aa524-1d61-477f-9dc1-0d39edd547e5,Adam Lawrence,bcruz@example.org
9ab5570e-ac52-4757-b044-8ba264df8795,Lisa Shelton,paulmaldonado@example.com
e39ccb44-d1ec-45be-ba83-42ec75335c39,Clifford Harrison,johnpeterson@example.net
9c7ef650-44f4-49c5-876f-0c77cb26157d,Bryan Young,ywilson@example.net
d5159d63-47b7-4cef-a818-ac559b470eed,Matthew Landry,shawnmills@example.com
ecdb7a05-f125-4800-9afa-3d87cff5dea0,James Webb,aprilburton@example.com
440a2c14-e0e9-4b8a-abc5-12c0de91959e,Jennifer Martin,underwoodsophia@example.com
9e5e3aa7-4299-43bf-b940-d42b38e981a4,Kimberly Barnes,zmorgan@example.org
bb086bbb-f843-4fed-9b5e-c3d252c859e5,Tara Hughes,andrewwu@example.net
783c5952-d14c-4061-91ac-b86518fe8e19,Connor Sanchez,moniquedoyle@example.net
2fe8a055-47fc-4d19-8b9a-9486d7eff7dc,Brandon Marshall,shannon95@example.com
5536b67d-fd1e-4dc3-9610-6dacf5afbf6c,Seth Davis,kevin54@example.com
4947ff0b-0445-4c1e-b4fa-4942e3c7c961,Michael Blake,nguyensara@example.net
5df3b6f5-19eb-4cbf-b6fe-f655d7fc647b,Jeffrey Floyd DDS,qwebb@example.net
4019ef63-d2fe-4342-976d-8248f3d12a0d,David Eaton,michael52@example.net
65e7b08c-100d-40a4-a50c-1780e4addfd5,David Hall,rbrown@example.net
468a9a61-872d-4302-b68f-30edebc544f6,Christine Cooke,amyporter@example.net
a99615a9-c828-4292-a101-4d6520a284f3,Aaron Carpenter,pamela40@example.net
95873818-035f-4de8-bf66-21442ee3e64d,Chad Butler,nguyensandra@example.org
484fe56d-7acb-4259-bde6-5962caa96735,Seth Baker,singletonsteve@example.net
6bab3062-25a5-4df7-9af2-23962b9fcfea,Katie Lynch,waynearcher@example.net
8efc215b-30d4-4888-9998-8561a06e3549,Megan Chen,julianphillips@example.com
8aa474a3-7b23-4f56-bd10-0aed2c247e6e,Cory Vega DVM,pamelacalderon@example.com
16cf0af9-3e44-4175-a4b1-2bde628d1aa4,Craig Willis,melanie23@example.org
7384ab0c-dfee-42d9-9982-91ceeaaecaa6,Michelle Lee,catherinerodriguez@example.net
6b4fda50-cb61-4018-89ac-800e9a73cf6c,Jonathan Jenkins,melissa21@example.com
ccd9e2a1-02e8-4b1e-b999-25f5a3ff2926,Mr. Robert Stafford,andrew31@example.net
1e36046e-7193-4d13-92ba-b6562e28f79e,Robert Gilbert,noahkelly@example.com
a9b21077-e111-4336-a0ff-41fbf55e5f79,Danielle Ruiz,vasquezmatthew@example.net
601165da-ab13-4298-87c7-b95f1c083086,John Burgess,tracydavis@example.org
4f7df6f0-6376-4d28-95be-37f40bee214e,Anita Martinez,warrentanya@example.com
481e598e-bd97-46d0-9bc4-4bc8733dfe24,Alexander Berry,lrichardson@example.com
458f8fe5-8ee4-4b02-aff9-17e1f11aa0b1,Jeremy Gomez,sharon82@example.net
432f849b-cbdc-4ba5-a60b-5098f2063d79,Thomas Mitchell,derek86@example.com
cc1c6b98-257a-4b1a-8626-06f35f6189d7,Amanda Gutierrez,helenreyes@example.org
ef14aeb2-1666-48ce-a4c1-3e796120b36f,Thomas Rodriguez,kchase@example.org
03fec3eb-c330-4642-ab38-32f7a9a3de8a,Jeffery Buchanan,matthewmullins@example.com
02b4f902-168a-4ef7-ad12-adb8f29ecd6e,Deborah Buck,todd14@example.com
99db3abf-d9d2-4164-a1b9-9aec437dd4b6,Eric Floyd,rosssherry@example.net
b360243a-74e2-4ba6-a5c8-593663e1f069,Dr. Jessica Hughes,frederick74@example.org
c21fe257-2357-4be1-9e9c-66175388f9ac,Todd Berg,tarnold@example.net
7240d1cc-e1d9-47ef-9c49-05341b301d23,Andrew Winters,samantha20@example.com
9cad8594-804a-402f-801c-fe8c698878c7,Charles Fuentes,gilmoreandrew@example.org
cbc7a382-e8a3-4622-9091-06e7d347fdd6,Angela Coffey,jennifer63@example.org
632fa78b-a4a7-41ab-b6f5-f0fd64fb8d35,Christina Ray,benjamin79@example.com
6779944f-c028-438a-8d3f-fc2c832a5a8c,Tonya Meyer,douglashall@example.org
120070ad-0a72-4746-a7cf-f1c85bd447f2,Katie Williams,hendersonchristopher@example.org
8c703e80-1c03-4745-a0bb-a96a4b6b6a0a,Mrs. Christina Green,taylormyers@example.com
4c98fc04-8d95-44b0-a10a-7872bf8c87dd,Cody Lewis,xcarey@example.org
98b06cdc-321b-4f4a-a199-386e8052d662,Anthony Hale,james12@example.com
177077e5-de9d-40e5-8413-e63227794cab,Jamie Campbell,dawn71@example.org
41f964da-ba55-4c2a-8fbc-578266a8b81a,Caitlin Matthews,williampittman@example.com
4c3217ef-0539-4b80-9d21-3c396f1491b2,Tyler Clark,iroth@example.com
027090c6-d2a2-4948-bbc9-8dbed967ed01,Robert Jensen,johnsonsteven@example.org
a66b6546-df94-4b0a-b3de-886445070563,Heather Campos,reesemalik@example.net
8812173c-ab7b-4111-9598-7d450cd90778,Jacob Delgado,jacksonjennifer@example.org
27fe3434-864a-4398-8cab-268d725aac05,David Padilla,ftaylor@example.net
61fe69d5-f92a-4304-ad54-52353e4a44ec,Jasmine Krueger,jimenezjessica@example.com
47efed54-d20d-4013-bae8-8eac94ccab76,Jeff Soto,emily09@example.com
67ddd3ea-27e8-4229-98be-a311084ff826,Wanda Harris,dawnsantana@example.net
3bc37516-c2f2-448d-8a05-12cf4139b21a,Rachel Mccullough,bleonard@example.org
4f4f2c8b-bbbb-45d1-93f3-b70bb0d29396,Kevin Thompson,yeseniahuang@example.org
30f73051-208d-4a80-af5b-57d25f41d979,Michael Clay,thomasbrian@example.org
46d0c654-0f66-4211-b8f2-7abe54d3b8b2,Lisa Green,ricardo05@example.org
e6d52a10-e6bc-476b-853e-b2fab12ca31b,Jennifer Whitney,angelabass@example.net
1173a805-9537-4fc5-a0e4-107ef04bea2a,Joshua Summers,scott81@example.net
89a72964-7803-4913-aff2-b53d8daa71e1,Brent Watson,catherinelynch@example.org
62287794-ff46-443f-96dc-450be2b6548f,Joshua Lowe,richard53@example.net
68f5e17d-7ca5-48ce-80dc-c9282bb53a28,Diane Costa,ricky87@example.net
61244d5a-e160-4437-94c4-88f32c9419d4,Tiffany Velasquez,emilymiller@example.com
ce484810-2ed5-460d-ad92-375d7fafaa8b,Matthew Patel,smithkayla@example.org
cd20fdb4-bd5e-46af-9045-773e6378d5dd,Amber Knight,qtorres@example.org
adb65651-0676-4705-906f-b6babd4b1266,Sara Fritz,adamsalinas@example.org
99444387-3f87-48f0-9828-1622883a4960,Andrew Rich,daniellemcintosh@example.org
c4f54628-f373-4185-9372-efc15834471d,Anthony Perez,kschroeder@example.net
99d28098-de90-4f4e-9304-a17799dfcbdb,Gary Munoz,rebecca78@example.org
3e4001be-1f56-4e42-913c-88c69d64f73b,Jill Jackson,xliu@example.com
c26c2523-acf6-4831-99a4-1e86ac6c8efe,Cassandra Guzman,barbara52@example.org
ebe47bd9-c2f2-4c46-950d-e267a829733a,Elizabeth Parker,barbarawilliams@example.net
b446a1b8-bc8e-44fc-98eb-990298c8cf1a,Nicholas Lopez,markfitzgerald@example.net
e8d44cb6-a1cc-4336-b45a-1640f0db965c,Jill Campbell,dustin09@example.net
6aa026a6-7596-46f6-ae6e-473ed0970784,Jason Green,eatonmason@example.com
c4a39656-ea2a-41ab-b4ee-f70519182fbe,Larry Clark,kingjillian@example.org
f848a98a-c14f-4cd1-9cbd-57406278601d,Taylor Levine,cooperjason@example.net
3e306830-60f0-46a4-b76f-b3f5fd5e7f9b,Michael Diaz,jeffrey78@example.net
c3f7d646-8ccb-4a3d-a9ae-0ca3ce6f0d57,Jacob Avila,angela71@example.net
3bc81720-9a45-49bb-9378-a6144c8a2ddd,Melissa Bartlett,pricevincent@example.com
b8452004-5cdd-422f-b5d8-e8d70d5509a5,Shannon Myers,parksjames@example.com
4fbf9ef6-ade2-4e13-8c08-80b0e7429557,Samantha Burns,castrowesley@example.org
3ae943b1-c7e8-42e4-b5af-bf8d80111423,Marc Snyder MD,cindyestrada@example.org
c6357225-8600-4f54-b7d6-58a36f399817,Joanne Smith,christiankristi@example.org
566f8fb3-c3a4-4bb4-85e4-dc1f260f175b,Peter Chen,uandrews@example.com
c73617e1-5aa8-440e-a769-0d0e62b01cd9,Michele Esparza,tyler16@example.org
d4943c5d-37d3-4ab4-b734-a3493f09f713,Ashley Stone,wilkinsanthony@example.org
a7b41305-84a3-461b-8593-3bb83e8f5828,William Wilcox,melaniebradshaw@example.com
600582a3-c9da-44ba-8537-8f63bd6edf71,Lauren Rodriguez,heather81@example.com
72786a6b-be34-4784-8e0c-5f06f0adde69,Kelly Rosario,caseykaren@example.org
6bdf4adb-1dee-4d1d-a34c-3fc4438af15a,Patricia Norris,wongchristopher@example.org
f72f6cfc-156b-4838-9351-74a2ed4f659a,Kimberly Barber,matthewbradford@example.com
ef7e55ce-bb9b-4566-b80e-558721fd154c,Sylvia Porter,michellelane@example.org
fd72f3a4-ed1a-4c05-82a7-b6c4b5d98612,Jessica Schwartz,iknox@example.net
ba3c25f8-f6cd-48f5-b191-258f1d5581e3,Michael Silva,dodsontyler@example.com
ea40a665-5418-4fc7-8c74-05ee640822d2,Andrew Miller,michaelsanders@example.com
7d4e0a25-0403-4537-b464-524aade3a641,James Trevino,lisa60@example.org
194e838b-a4a3-4379-a4a0-e1bb805efed3,James Baker,uvazquez@example.org
46619de5-b647-4f21-aaec-09c5727c73c6,Peggy Francis,meghansimmons@example.net
9d1f42a4-b2d3-4bfa-b379-8ec31bd3d5a8,Brandi Mckenzie,ilyons@example.org
9a06f213-3e43-40c3-af5d-7f3fb4d5d390,John Kane,chelsearobertson@example.com
05e4d902-7e53-489c-8901-2764a1ded4ff,Stephanie Garrett,steven85@example.org
10466a04-d34d-4d80-8c88-f492327e9264,Lisa Walker,donna05@example.org
a2b5d630-b27e-4ef6-9bbe-a1f537dc702f,Timothy Taylor,sheilachen@example.com
2c38cb96-b965-489d-a4bf-fef42a9903b7,Tabitha York,johnsonmatthew@example.net
96b253f1-4f75-43c4-a931-8ae3f15250a6,Mindy Cox,madisonlopez@example.com
18469275-cbdd-4975-8fd1-0175db30b9ad,David Rios,qcampos@example.com
7f37f850-486f-47c2-96db-1f18c7952ad0,Andrew Davis,bevans@example.com
3896ecf3-15f6-40b9-9ba1-4fb05b348a5b,Matthew Jones,gardnerchristian@example.net
250da4f0-3e7c-44ab-99bb-35aa7ecbf447,Sally Ramirez,uoliver@example.net
7818d17e-d795-46e0-9926-7969a454f6bd,Carlos Miranda,ndavidson@example.com
96ec851e-6446-46fb-a482-ab387418f7fc,Juan Steele,joshuaanderson@example.com
4f9884bd-7ae7-46a0-87b9-fcfeb60948e2,James Clark,sallythomas@example.net
07143ac0-7dfd-424f-91d5-fbdce7fabee8,Christopher Montoya,tking@example.org
b4e722b1-ac87-4ade-bf25-0391099b746d,Matthew Henderson,vhendricks@example.org
94570ada-5a2c-4883-be97-96279356146f,Ross Case,yhunter@example.net
6155623f-09ed-4489-917a-00c7c8f3006e,Wanda Contreras,victoria47@example.net
c9e920b8-c8ff-42d6-a0b2-736b7e29ceeb,Elizabeth Khan,rebeccacampbell@example.org
f0a61c43-a76a-4a1e-acc7-1ee142e5c83d,Tyrone Morgan,alishaedwards@example.com
2cb17ad6-1e48-47c1-a1b0-61520a8d4497,Katherine Phillips,kennethward@example.net
cc60a8cc-69a2-4257-b7fc-34b4d4590299,Lindsey Myers,kwood@example.com
900b1017-d2b2-410b-97be-ea00b5705598,Chelsey Salazar,laurachristensen@example.org
34f08e67-689d-48a2-8230-0471856f04ae,Joseph Smith,chelsea48@example.com
c1b0f285-9ef9-4752-bb10-9e2f71854219,Theresa Hicks,dennis60@example.net
81a94f5c-bdff-4295-b70e-8336bc0bdfee,Mary Gross,fwalker@example.org
d734ca34-5987-41fe-a335-371f887622b6,Alicia Wilkinson,cjordan@example.org
2ef82a29-7f4e-4f58-890c-4b2883207487,Christina Garcia,lopezleslie@example.com
4514e210-5e7f-431e-80e0-c29adcf3a3c7,Stephen Contreras,yobrien@example.com
a231a8ce-e96b-4911-8d69-3ef3be002a9b,Robert Reynolds,swansongregory@example.com
c81d862f-caa2-49c4-9b54-82462a09c211,Shane Ward,knightjoseph@example.net
41e3681a-a222-4273-8890-40288cdeb84a,Angelica Cantrell,dustin72@example.com
da14008c-9257-4f62-8374-f83d869a261d,Patrick Guzman,ytaylor@example.net
5dfd1c22-807c-40ed-bda7-0dbfb399de27,Melissa Graham,hcollier@example.net
f44bc017-1bc1-40f9-befd-02a783ee89a1,Carlos Garcia,brenda20@example.net
466d6682-b0ca-4c14-853b-0bdc736618ad,Karen Brown,amoore@example.com
05571e6c-e1e7-42fa-94d5-19fb7ed037b5,Richard Henderson,mary12@example.com
5f4103f4-1698-4086-a576-3d4c9df5edce,Ethan Williams,apalmer@example.com
697bf83c-b7bf-4b67-8e96-fbe78ea60eb4,Sara Mcclure,htaylor@example.net
39f2c35c-dea7-4608-8920-9eec0a0db464,Richard Allen,cheryllopez@example.com
76797b2b-27d5-4acd-8613-1531ef676195,Renee Lewis,michaelcarter@example.org
06ea6efd-4f82-4e61-a50f-e8bba332282e,Rhonda Morales,landryanthony@example.com
e0ea6452-1936-41b3-bdd5-4030ed05ea43,Joshua Gray,iryan@example.net
137fd5a3-b549-4a28-ba4e-fa74be5c20aa,Vanessa Velasquez,james79@example.net
95b2cbc8-030a-445e-90f8-b85108a35534,Kimberly Obrien,lbrown@example.com
884d4d09-b05d-4ae3-9e78-533c57369ad1,Drew Clark,jennifer74@example.com
bb5da417-d365-48f7-be75-85d7104d924a,April Meza,sgreen@example.org
ae8db82f-3eee-4e3f-b0b2-362961bf5496,Charles Clark,david63@example.com
ce76ff35-79ab-4732-b19b-032f0a3f7b3c,Dr. Michael Lopez MD,fthompson@example.net
eafc3c06-5498-4f90-ac3d-ab9a9f96add8,Dr. Denise Taylor,gsmith@example.com
5d2062ca-c5b0-4517-8547-92797b5510a9,Alice Hubbard,mwhite@example.net
270747b8-a3f8-4daa-9b8b-d43a0a5873bd,Jeffrey Carroll,thomaskelsey@example.net
6b715699-ef1c-4647-b957-192781cf5380,Jerry Sharp,zvasquez@example.net
0c3fa49e-8031-42bb-afa5-62e4116e24e3,William Stanton,fgraham@example.com
0d6634d7-f7c2-4647-8e73-c34181d8d43c,Alexis Patterson,julieingram@example.net
f7e9744f-8adc-4627-a8e9-aae829672170,Amanda Brown,colemanandrew@example.com
4cb2340b-8e17-4824-9a66-acdf3519d684,Mike Harris,richardrivera@example.org
2a7861ca-4636-405e-b0a9-83e771e23ff4,Darren Fowler,garciamiranda@example.net
2fb97a38-abe3-4e60-887d-3be3b1f1f45b,Lindsay Mack,sleon@example.org
acdcc8f0-0d33-4d0a-bc3f-b6434a63b6ba,Mark Jacobson,qhill@example.net
4d51b155-c086-42eb-ba02-239353213c2c,Pamela Rodriguez,xsanchez@example.org
bac07dcb-ee36-417d-b08e-570eb853434a,Jordan Huang,randallpreston@example.net
4a0a1087-b9cb-47ed-a996-748dae7892f7,Rebecca Tran,melissa62@example.com
36405fd8-6232-4373-8d59-326c918767d2,Luke Mills,kimberly07@example.net
eec37abd-3f49-495d-9f01-122fa63d2444,Shelby Johnson,jeremysparks@example.com
83767830-6cc5-4e91-8c2e-ea4db5803d28,Nicholas Durham,sandrarichardson@example.com
ff5eed91-ecaa-4af5-ab16-4eaad26e96b8,Jennifer Wells,peggygardner@example.net
cb6ddc35-b513-4caf-bf67-c81fedba38ef,Joshua Green,zbarnes@example.com
6e1b90c8-0767-4e85-9546-afcd2b6980f9,Adrienne Carson,hcowan@example.net
43c8600d-29d2-469e-b0fd-5d10c7e29736,Ian Taylor,derrick48@example.com
18072004-8833-469d-b886-470667f0c404,Justin Sparks,brooke17@example.net
28a0ff2e-ff8a-4dea-938b-789b42740dac,James Santana,james86@example.org
ec2129cc-d7a6-48eb-9983-7eb20e55dc2c,Eric Barber,fmacdonald@example.net
44cd1610-157d-4097-921f-6a38b2e26b2e,Stacey Clark,westjoseph@example.org
ac33acc3-0e96-429f-b0a6-8a25f2896d04,Heather Robinson,juan55@example.com
b2c8c11f-3549-41c7-b920-3f47f01d15bd,Joseph Huber,chadfox@example.com
97ce3776-5185-4b8e-b391-e1a26dd6226e,Jason Bradley,charlesmeza@example.com
0bf077d0-9e3d-415b-b91b-766c48cbd4ab,Cynthia Curtis,dcisneros@example.com
7261a411-81a7-42da-a634-80975dea6eab,Teresa Campbell,kristina19@example.org
37d59ec3-6c3f-407b-8101-65a2a162ded3,Mary Frey,howardbrian@example.org
0874e9a4-f883-44db-9830-9727c1491309,Lori Davis,annahayes@example.org
a4bd524d-942f-4e30-afde-f3cfd6ff10af,Dawn Rivas,gward@example.org
a2f427c7-8556-4ac0-ab5e-840d389ff899,Tina Bowers,wilsontara@example.org
f73b6a15-a387-4a9a-945b-2216987dd386,Mark Robinson,aschneider@example.com
ca3ff30d-771d-4e7b-a36f-bea5c77dd81e,Dr. Phillip Fowler PhD,johnskathryn@example.com
464789b4-ce56-417b-8a6c-1b351675b020,John Jenkins,bethanybarnes@example.com
ed81604a-4830-4d45-96e2-a43c05636904,Jennifer Mcmillan,palmerjermaine@example.com
d1e3351a-a01e-4177-b514-9826c30ff8c2,Michael Jones,jesseali@example.org
2a50f413-0b93-43e2-8c05-53f64f1f77d1,Amber Holt,richard83@example.org
900a892f-6a27-495d-ab55-dbef431565df,Heather Beck,gallowaykaren@example.net
0ee2fef4-0fe4-47cb-915b-7f4342d2e918,Joshua Chavez,eoneal@example.com
4e2e1536-5659-4a39-ab4c-a4690c3db553,Elizabeth Myers,julia86@example.org
3fe182e2-8a99-4537-a8f9-f258941af25a,Chelsea Shaw,ukennedy@example.net
5a1d6cb7-37c2-49e3-af1e-34e547ac0e28,Jessica Wong,howardroger@example.com
044486d0-c8a7-425a-8623-8eec421f68df,Rachel Clark,russelldouglas@example.com
caf46518-e093-4247-8b84-f282d4c801cb,Alyssa Myers,barkerraymond@example.org
96f5c874-8e48-4a71-9375-9f89ebb4a372,Robert Martinez,tammywilliams@example.org
1358237b-245f-4e68-b161-b4f2a8b0a0ab,Devin Novak,rebecca17@example.net
ec0ae655-af78-4ee2-acdc-6edb0c6b0de2,Tyler King,philip17@example.com
25e97ed2-0b69-4d42-8b77-17e7b08a9c18,Patrick Hernandez,jill69@example.com
32b62864-849d-4875-95c5-876e3acd9244,Christian Scott,nmorgan@example.com
3b190298-a926-425a-8098-655e6799cafd,Michelle Murray,miranda27@example.com
b40b28a2-ca3f-41b1-b4e2-ab3eda6993c7,Terry Preston,vjohnson@example.org
70b3d9f8-0a34-483d-ba4a-d11240dade46,Tammy Harvey,mason57@example.org
7079c156-345d-422c-9ecf-346cf6e9c327,Linda Brooks,ericsmith@example.org
4ca9c150-3a30-4c4e-9afa-d88f63361594,Sharon Logan,stephanie41@example.com
611e3c56-af0b-4d4e-8f07-7e4782b8a880,Cassandra Weber,kimberly04@example.com
6f08fbf5-45f5-453c-8af9-af2954aae0f7,Justin Rhodes,shamilton@example.com
8f66f943-10d6-4746-80ca-7da1c4f3d658,Melissa Williams,agraves@example.com
1bd3d3a2-eca6-4524-a51e-8b5fe76d0e92,Thomas Stevens,stacey00@example.net
7a10220b-0f27-4ad2-84cf-12439d295919,Frank Bailey,vwheeler@example.net
368f3fa8-cea8-41e3-a83e-6dbefe48fa51,Stacey Moon,jasminemejia@example.com
6dc4689f-35c8-4c4c-80cf-5764973872e2,Jenny Marshall,harperkara@example.net
57f16474-0339-44eb-b665-eedded68cded,Michael Odonnell,marc05@example.com
284f8bde-4e7d-4757-a55f-189299f3e762,Adam Brock,olsonkaren@example.com
c6c7fd8d-d952-4832-9cc1-d9a2e9910c37,Bob Galory,bob@example.net
89c7fd8d-d952-4832-9cc1-d9a2e9910c37,John Snow,snow@example.net
81c7fd8d-d952-4832-9cc1-d9a2e9910c37,Elias Peterson,elias@example.net
82c7fd8d-d952-4832-9cc1-d9a2e9910c37,Quinn Mayers,quinn@example.net
